range,income average
8.0,2220.0
1.0,2190.0
4.0,2834.285714285714
2.0,3856.470588235294
5.0,2269.285714285714
6.0,3237.5
3.0,2895.525
7.0,2986.6666666666665
